zone,id
zone6,abmi
zone3,abylsen
zone7,accenture
zone6,acoem
zone5,adaming
zone2,agap2
zone5,akka
zone3,alten
zone1,altersol
zone5,altran
zone2,amiltone
zone5,anrt
zone2,anssi
zone5,apave
zone2,areva
zone1,arkema
zone1,assystem
zone3,astek
zone5,asymptote
zone5,atlanticinge
zone6,ausy
zone6,beijaflore
zone7,biomerieux
zone1,bilfinger
zone5,blbconstructions
zone1,bobst
zone7,boccard
zone1,bouygues
zone6,bureaualpes
zone1,capgemini
zone3,capgeconsulting
zone1,casino
zone3,cgi
zone2,clemessy
zone6,colas
zone7,csc
zone7,danone
zone5,dcns
zone2,decathlon
zone1,devoteam
zone2,dimosoft
zone7,econocom
zone5,edf
zone6,egide
zone7,egis
zone6,eiffage
zone3,ekium
zone1,elcia
zone3,elis
zone2,elsys
zone7,ernstyoung
zone2,euroengineering
zone7,euroinfo
zone5,expectra
zone1,extia
zone3,faurecia
zone2,fiducial
zone7,gcat
zone6,gcc
zone5,gemalto
zone1,generalelectric
zone1,goconcept
zone2,groupeadf
zone5,groupehn
zone5,volvo
zone2,gse
zone6,hexcel
zone3,homeserve
zone5,ikom
zone6,ikos
zone5,intrasec
zone5,itron
zone3,jtekt
zone1,keyence
zone1,klee
zone7,kpmg
zone7,loreal
zone2,lauralba
zone2,leongrosse
zone2,lilly
zone2,margo
zone7,marine
zone6,mars
zone7,mbda
zone2,mcigroupe
zone2,mcainge
zone2,mediane
zone1,mentor
zone2,migso
zone7,michelin
zone8,msf
zone6,nationalinst
zone2,nge
zone2,novonord
zone5,orange
zone3,orbium
zone6,procter
zone5,pellenc
zone3,plastico
zone2,protectic
zone6,qualiconsult
zone7,redex
zone7,reel
zone2,renault
zone6,rte
zone7,safran
zone7,saintgobain
zone5,sanofi
zone7,schneider
zone6,seb
zone1,sentelis
zone7,servair
zone7,setec
zone5,sii
zone5,smac
zone7,sncf
zone1,sogeti
zone6,socotec
zone6,solutec
zone7,solvay
zone3,solystic
zone3,sopra steria
zone1,soprema
zone1,spcconsultants
zone2,spiebat
zone6,systra
zone3,talan
zone3,technology
zone5,technord
zone3,thales
zone3,veolia
zone3,viveris
zone7,vulcain
zone7,wavestone
zone6,worldline
zone8,elca
zone8,cicr
zone8,bottomline
zone8,amaris
zone8,lem
zone8,lombardodier
zone8,qiminfo
zone8,businessfrance
zone8,hec
zone8,ifpen
zone8,iebusinessschool
zone8,chec
zone8,essec
zone8,esta
zone8,iaelyon
zone8,tbs
zone8,insa
zone8,isae
zone8,escp
zone8,audencia
zone8,gem
zone8,cesi
zone4,acuity
zone4,dawex
zone4,urgotech
zone4,bootstart
zone4,cellance
zone4,wair
zone4,usercube
zone4,jobglober
zone4,enoptea
zone4,centraledanone
zone4,attijari
zone4,pharma5
zone4,ernstma
zone4,p&g
zone4,cosumar
